model,seed,ablation,instance_id,final_passed,safe_pass,first_pass_attempt,total_attempts,regression_count,oscillation_count,oscillation_index,updates_accepted,updates_rejected
gemini-2.0-flash,42,none,astropy__astropy-12907,1,1,1,1,0,0,0.0,0,0
gemini-2.0-flash,42,none,astropy__astropy-14182,0,0,0,7,0,0,0.0,0,0
gemini-2.0-flash,42,none,astropy__astropy-14365,1,1,1,1,0,0,0.0,0,0
gemini-2.0-flash,42,C2_calibrated,astropy__astropy-12907,1,1,1,1,0,0,0.0,0,0
gemini-2.0-flash,42,C2_calibrated,astropy__astropy-14182,0,0,0,7,0,0,0.0,0,6
gemini-2.0-flash,42,C2_calibrated,astropy__astropy-14365,1,1,1,1,0,0,0.0,0,0
gemini-2.0-flash,42,full_calibrated,astropy__astropy-12907,1,1,1,1,0,0,0.0,0,0
gemini-2.0-flash,42,full_calibrated,astropy__astropy-14182,0,0,0,7,0,0,0.0,0,6
gemini-2.0-flash,42,full_calibrated,astropy__astropy-14365,1,1,1,1,0,0,0.0,0,0
